side,price,quantity
buy,1.002e-05,1.0
buy,1.181e-05,1.0
buy,1.22e-06,1.0
buy,1.29e-05,1.0
buy,1.55e-05,1.0
buy,1.763e-05,1.0
buy,1.7e-05,1.0
buy,2.002e-05,1.0
buy,2.263e-05,1.0
buy,3.55e-05,1.0
buy,3.65e-05,1.0
buy,3.6e-07,1.0
buy,3.922e-05,1.0
buy,4.44e-05,1.0
buy,4.95e-05,1.0
buy,5.55e-05,1.0
buy,6.27e-06,1.0
buy,6.301e-05,1.0
buy,6.701e-05,1.0
buy,6e-06,1.0
buy,7.001e-05,1.0
buy,7.301e-05,1.0
buy,7.501e-05,1.0
buy,7.5e-06,1.0
buy,7.995e-05,1.0
buy,8.301e-05,1.0
buy,8.395e-05,1.0
buy,8.628e-05,1.0
buy,8.62e-05,1.0
buy,8.754e-05,1.0
buy,8.837e-05,1.0
buy,8.84e-05,1.0
buy,8e-06,1.0
buy,8e-07,1.0
buy,9.208e-05,1.0
buy,9.222e-05,1.0
buy,9.224e-05,1.0
buy,9.24e-05,1.0
buy,1.488e-05,2.0
buy,1.5e-07,2.0
buy,1.66e-05,2.0
buy,1.8e-07,2.0
buy,1.96e-05,2.0
buy,1.983e-05,2.0
buy,2.06e-05,2.0
buy,2.1e-07,2.0
buy,2.7e-07,2.0
buy,3.3e-07,2.0
buy,3.8e-05,2.0
buy,4.465e-05,2.0
buy,4.6e-05,2.0
buy,4.87e-05,2.0
buy,4.8e-05,2.0
buy,5.166e-05,2.0
buy,5.2e-05,2.0
buy,5.4e-05,2.0
buy,5.87e-05,2.0
buy,5.8e-05,2.0
buy,6.87e-05,2.0
buy,7.9e-05,2.0
buy,8.442e-05,2.0
buy,8.457e-05,2.0
buy,8.471e-05,2.0
buy,8.483e-05,2.0
buy,8.522e-05,2.0
buy,8.528e-05,2.0
buy,8.529e-05,2.0
buy,8.87e-05,2.0
buy,9.207e-05,2.0
buy,9.209e-05,2.0
buy,9.239e-05,2.0
buy,1.6e-07,3.0
buy,1.7e-07,3.0
buy,1.9e-07,3.0
buy,2.2e-07,3.0
buy,2.3e-07,3.0
buy,2.6e-07,3.0
buy,2.8e-07,3.0
buy,2.9e-07,3.0
buy,3.1e-07,3.0
buy,3.2e-07,3.0
buy,3.4e-05,3.0
buy,3.513e-05,3.0
buy,3.6e-05,3.0
buy,7.352e-05,3.0
buy,8.32e-05,3.0
buy,8.505e-05,3.0
buy,9.165e-05,3.0
buy,9.18e-05,3.0
buy,4.023e-05,4.0
buy,5.066e-05,4.0
buy,6.7e-05,4.0
buy,7.81e-05,4.0
buy,1.87e-05,5.0
buy,1.88e-05,5.0
buy,1.89e-05,5.0
buy,6.4e-05,5.0
buy,7.8e-05,5.0
buy,8.692e-05,5.0
buy,1.646e-05,6.0
buy,3.58e-05,6.0
buy,6.501e-05,6.0
buy,8.684e-05,6.0
buy,4.3e-05,7.0
buy,1.4e-05,8.0
buy,6.1e-05,8.0
buy,7.621e-05,8.0
buy,8.65e-05,8.0
buy,9.217e-05,8.0
buy,2.894e-05,9.0
buy,1.344e-05,10.0
buy,1.725e-05,10.0
buy,1.95e-05,10.0
buy,1.99e-05,10.0
buy,3.71e-05,10.0
buy,3.805e-05,10.0
buy,3.87e-05,10.0
buy,3.999e-05,10.0
buy,5.121e-05,10.0
buy,7.55e-05,10.0
buy,8.225e-05,10.0
buy,8.534e-05,10.0
buy,8.78e-05,10.0
buy,9.075e-05,10.0
buy,9e-08,10.0
buy,3.3e-05,11.0
buy,9.162e-05,11.0
buy,2.1e-05,12.0
buy,2.2e-05,12.0
buy,2.4e-05,12.0
buy,2.6e-05,12.0
buy,4.5e-05,12.0
buy,6.65e-06,12.0
buy,8.375e-05,12.0
buy,2.3e-05,13.0
buy,2.7e-05,13.0
buy,2.8e-05,13.0
buy,2.9e-05,13.0
buy,2.855e-05,15.0
buy,3.2e-05,15.0
buy,3.723e-05,16.0
buy,4.442e-05,17.0
buy,3.827e-05,18.0
buy,9.205e-05,19.0
buy,1.116e-05,20.0
buy,3.005e-05,20.0
buy,7.77e-05,20.0
buy,8.56e-05,20.0
buy,9.105e-05,20.0
buy,7.801e-05,22.0
buy,8.652e-05,23.0
buy,8.451e-05,24.0
buy,8.57e-05,24.0
buy,4.919e-05,25.0
buy,6.39e-05,25.0
buy,6.915e-05,25.0
buy,8.297e-05,25.0
buy,8.445e-05,25.0
buy,2.231e-05,26.0
buy,1.9e-05,27.0
buy,2.225e-05,27.0
buy,9.23e-05,29.0
buy,4.2e-05,30.0
buy,8.767e-05,30.0
buy,8.972e-05,30.0
buy,1.104e-05,31.0
buy,1.796e-05,33.0
buy,2.188e-05,33.0
buy,2.384e-05,33.0
buy,2.776e-05,33.0
buy,2.972e-05,33.0
buy,3.364e-05,33.0
buy,3.952e-05,33.0
buy,4.148e-05,33.0
buy,4.54e-05,33.0
buy,4.736e-05,33.0
buy,5.128e-05,33.0
buy,5.324e-05,33.0
buy,5.716e-05,33.0
buy,5.912e-05,33.0
buy,6.304e-05,33.0
buy,6.892e-05,33.0
buy,7.088e-05,33.0
buy,7.676e-05,33.0
buy,8.068e-05,33.0
buy,8.264e-05,33.0
buy,8.656e-05,33.0
buy,1.992e-05,34.0
buy,2.58e-05,34.0
buy,2.5e-05,34.0
buy,3.168e-05,34.0
buy,3.756e-05,34.0
buy,4.344e-05,34.0
buy,4.932e-05,34.0
buy,5.52e-05,34.0
buy,6.108e-05,34.0
buy,6.696e-05,34.0
buy,7.284e-05,34.0
buy,7.872e-05,34.0
buy,8.46e-05,34.0
buy,5.485e-05,35.0
buy,5.948e-05,35.0
buy,9.21e-05,36.0
buy,4.65e-05,40.0
buy,4.879e-05,42.0
buy,6.666e-05,42.0
buy,7.777e-05,42.0
buy,9.213e-05,42.0
buy,3e-06,43.0
buy,8.85e-05,43.0
buy,3.5e-05,44.0
buy,5.785e-05,46.0
buy,6.57e-05,46.0
buy,7.355e-05,46.0
buy,8.14e-05,46.0
buy,9.05e-05,46.0
buy,5.197e-05,47.0
buy,5.393e-05,47.0
buy,5.589e-05,47.0
buy,5.981e-05,47.0
buy,6.178e-05,47.0
buy,6.374e-05,47.0
buy,6.766e-05,47.0
buy,6.962e-05,47.0
buy,7.159e-05,47.0
buy,7.551e-05,47.0
buy,7.747e-05,47.0
buy,7.943e-05,47.0
buy,8.336e-05,47.0
buy,8.728e-05,47.0
buy,1.749e-05,48.0
buy,8.532e-05,48.0
buy,2.264e-05,50.0
buy,2e-06,50.0
buy,8.789e-05,52.0
buy,1.09e-05,57.0
buy,2.02e-06,60.0
buy,1.544e-05,61.0
buy,3.1e-05,61.0
buy,7.981e-05,61.0
buy,2e-05,63.0
buy,1.25e-05,80.0
buy,4e-05,91.0
buy,8.835e-05,91.0
buy,8.27e-05,95.0
buy,8.997e-05,96.0
buy,1.3e-05,100.0
buy,1.49e-05,100.0
buy,3.68e-05,100.0
buy,5.492e-05,100.0
buy,5.84e-05,100.0
buy,6.84e-05,100.0
buy,7.1e-05,100.0
buy,7.4e-05,100.0
buy,7.707e-05,100.0
buy,8.598e-05,100.0
buy,8.698e-05,100.0
buy,8.99e-05,100.0
buy,4.056e-05,101.0
buy,7.84e-05,101.0
buy,8.023e-05,101.0
buy,2.213e-05,102.0
buy,8.2e-05,105.0
buy,6.195e-05,106.0
buy,9.228e-05,107.0
buy,9.023e-05,109.0
buy,9.054e-05,110.0
buy,8.254e-05,111.0
buy,5.6e-05,112.0
buy,3.56e-05,113.0
buy,7.5e-05,114.0
buy,8.459e-05,118.0
buy,7.945e-05,127.0
buy,7.794e-05,128.0
buy,1.5e-05,130.0
buy,7.896e-05,131.0
buy,1.6e-05,145.0
buy,3.574e-05,150.0
buy,7.234e-05,150.0
buy,8.197e-05,150.0
buy,8.812e-05,150.0
buy,4.992e-05,153.0
buy,9.1e-05,154.0
buy,6.843e-05,155.0
buy,2.498e-05,156.0
buy,8.6e-05,162.0
buy,3.691e-05,173.0
buy,5.973e-05,173.0
buy,8.722e-05,176.0
buy,6.466e-05,179.0
buy,8.029e-05,180.0
buy,8.343e-05,192.0
buy,7.596e-05,197.0
buy,8.971e-05,199.0
buy,9.044e-05,199.0
buy,5.182e-05,200.0
buy,5.282e-05,200.0
buy,6.566e-05,200.0
buy,7.499e-05,200.0
buy,7.566e-05,200.0
buy,9.187e-05,203.0
buy,8.3e-05,204.0
buy,8.888e-05,215.0
buy,5.916e-05,216.0
buy,4.4e-05,222.0
buy,8.43e-05,226.0
buy,3e-05,237.0
buy,8.881e-05,237.0
buy,6.527e-05,245.0
buy,7.56e-05,246.0
buy,8.539e-05,250.0
buy,7.504e-05,264.0
buy,7.577e-05,270.0
buy,8.104e-05,279.0
buy,5.482e-05,300.0
buy,6e-05,300.0
buy,7.573e-05,300.0
buy,7.818e-05,304.0
buy,7.2e-05,310.0
buy,8.485e-05,310.0
buy,7.611e-05,337.0
buy,8.93e-05,337.0
buy,7.48e-05,341.0
buy,6.001e-05,350.0
buy,2.4e-07,353.0
buy,8.094e-05,412.0
buy,1.85e-05,418.0
buy,5.09e-06,422.0
buy,8.28e-05,435.0
buy,7.448e-05,471.0
buy,7.412e-05,500.0
buy,7.485e-05,500.0
buy,8.461e-05,500.0
buy,8.873e-05,500.0
buy,5.996e-05,502.0
buy,1.382e-05,511.0
buy,7.3e-05,514.0
buy,1e-06,529.0
buy,9.2e-05,530.0
buy,7.65e-06,551.0
buy,1.8e-05,557.0
buy,9.189e-05,596.0
buy,9.127e-05,600.0
buy,7.701e-05,661.0
buy,7.631e-05,665.0
buy,8.7e-05,743.0
buy,7.976e-05,762.0
buy,9.101e-05,779.0
buy,8.1e-05,783.0
buy,7.74e-05,794.0
buy,6.485e-05,800.0
buy,8.001e-05,818.0
buy,6.5e-05,829.0
buy,9e-05,863.0
buy,5.5e-05,870.0
buy,8.621e-05,927.0
buy,5e-05,939.0
buy,5e-06,1000.0
buy,9.64e-06,1000.0
buy,2e-07,1003.0
buy,9.185e-05,1074.0
buy,9.225e-05,1080.0
buy,7.678e-05,1093.0
buy,3e-07,1101.0
buy,9.234e-05,1200.0
buy,7.425e-05,1212.0
buy,7.907e-05,1212.0
buy,9.103e-05,1222.0
buy,8.209e-05,1361.0
buy,8.312e-05,1365.0
buy,7.421e-05,1430.0
buy,1.2e-05,1566.0
buy,6.3e-05,1587.0
buy,7.932e-05,1738.0
buy,9.181e-05,1745.0
buy,3.308e-05,1746.0
buy,8.533e-05,1785.0
buy,7.847e-05,1809.0
buy,8.8e-05,1826.0
buy,8.4e-05,1935.0
buy,1.227e-05,1975.0
buy,7.778e-05,1993.0
buy,1.46e-05,2055.0
buy,8.5e-05,2089.0
buy,9.203e-05,2106.0
buy,9.221e-05,2157.0
buy,9.223e-05,2158.0
buy,8.121e-05,2229.0
buy,8.645e-05,2346.0
buy,8.503e-05,2352.0
buy,9.184e-05,2492.0
buy,9.233e-05,2532.0
buy,9.177e-05,2545.0
buy,9.186e-05,2605.0
buy,8.159e-05,2617.0
buy,3.566e-05,2804.0
buy,8.044e-05,3001.0
buy,7.86e-05,3072.0
buy,7.308e-05,3232.0
buy,7e-05,3321.0
buy,9.125e-05,3443.0
buy,3.421e-05,3458.0
buy,9.025e-05,3596.0
buy,5.34e-05,3677.0
buy,8.892e-05,3720.0
buy,8.769e-05,3723.0
buy,7.394e-05,3871.0
buy,6.577e-05,3986.0
buy,2.227e-05,4000.0
buy,9.095e-05,4112.0
buy,8.9e-05,4243.0
buy,8.278e-05,4265.0
buy,9.22e-05,4319.0
buy,9.183e-05,4350.0
buy,7.517e-05,4369.0
buy,9.192e-05,4423.0
buy,4.619e-05,4432.0
buy,8.328e-05,4546.0
buy,7.763e-05,4707.0
buy,9.182e-05,4856.0
buy,5.271e-05,4903.0
buy,4e-07,5000.0
buy,9.123e-05,5000.0
buy,5.547e-05,5019.0
buy,1e-07,5300.0
buy,9.201e-05,5394.0
buy,9.215e-05,5394.0
buy,8.005e-05,5556.0
buy,4.345e-05,5841.0
buy,7.791e-05,5857.0
buy,8.163e-05,6279.0
buy,7.663e-05,6309.0
buy,6.592e-05,7000.0
buy,2.774e-05,7071.0
buy,7.119e-05,7385.0
buy,8.279e-05,7418.0
buy,9.179e-05,7450.0
buy,8.2e-07,8000.0
buy,5.933e-05,9000.0
buy,6.667e-05,9000.0
buy,9.157e-05,9367.0
buy,8.999e-05,9500.0
buy,9.001e-05,9635.0
buy,5e-08,9949.0
buy,4e-08,10000.0
buy,8e-05,10487.0
buy,8.137e-05,10832.0
buy,8.921e-05,12286.0
buy,9.159e-05,12900.0
buy,8.985e-05,12974.0
buy,8.994e-05,13154.0
buy,8.939e-05,13326.0
buy,9.152e-05,14040.0
buy,9.169e-05,14570.0
buy,9.042e-05,15000.0
buy,8.002e-05,15356.0
buy,9.151e-05,15530.0
buy,8.889e-05,18562.0
buy,3.144e-05,22014.0
buy,9.13e-05,23561.0
buy,3.9e-07,25641.0
buy,9.086e-05,28252.0
buy,8.885e-05,31721.0
buy,9.128e-05,35200.0
buy,8.995e-05,37285.0
buy,2.36e-06,42372.0
buy,9.109e-05,43591.0
buy,9.121e-05,45630.0
buy,9.113e-05,45712.0
buy,9.047e-05,53243.0
buy,9.122e-05,53982.0
buy,9.107e-05,58558.0
buy,1e-08,60571.0
buy,9.114e-05,65120.0
buy,9.033e-05,69562.0
buy,9.112e-05,71757.0
buy,9.11e-05,84120.0
buy,2e-08,85000.0
buy,9.098e-05,95630.0
buy,8.914e-05,114554.0
buy,3e-08,117865.0
buy,8.975e-05,126278.0
buy,9.017e-05,142578.0
buy,6.269e-05,175466.0
buy,8.387e-05,200532.0
buy,4.641e-05,237017.0
buy,4.046e-05,271873.0
buy,1.986e-05,553877.0
buy,1.004e-05,2988982.0
buy,1e-05,3202062.0
buy,1.3e-07,38538461.0
buy,3.8e-07,65815788.0
buy,2.5e-07,96040003.0
sell,0.0001002,1.0
sell,0.0001009,1.0
sell,0.0001011,1.0
sell,0.00010114,1.0
sell,0.0001014,1.0
sell,0.00010224,1.0
sell,0.00010225,1.0
sell,0.00010226,1.0
sell,0.00010227,1.0
sell,0.00010228,1.0
sell,0.00010229,1.0
sell,0.00010231,1.0
sell,0.00010232,1.0
sell,0.00010233,1.0
sell,0.00010235,1.0
sell,0.00010236,1.0
sell,0.00010237,1.0
sell,0.00010238,1.0
sell,0.00010239,1.0
sell,0.00010242,1.0
sell,0.00010243,1.0
sell,0.00010244,1.0
sell,0.00010245,1.0
sell,0.00010246,1.0
sell,0.00010247,1.0
sell,0.00010249,1.0
sell,0.00010251,1.0
sell,0.00010252,1.0
sell,0.0001032,1.0
sell,0.00010398,1.0
sell,0.00010419,1.0
sell,0.0001042,1.0
sell,0.00010421,1.0
sell,0.00010423,1.0
sell,0.00010424,1.0
sell,0.00010425,1.0
sell,0.00010426,1.0
sell,0.00010427,1.0
sell,0.00010428,1.0
sell,0.00010429,1.0
sell,0.0001043,1.0
sell,0.00010436,1.0
sell,0.00010441,1.0
sell,0.00010442,1.0
sell,0.00010444,1.0
sell,0.00010445,1.0
sell,0.00010448,1.0
sell,0.00010472,1.0
sell,0.0001055,1.0
sell,0.0001075,1.0
sell,0.0001077,1.0
sell,0.0001079,1.0
sell,0.00010796,1.0
sell,0.00010809,1.0
sell,0.0001081,1.0
sell,0.00010815,1.0
sell,0.00010819,1.0
sell,0.00010823,1.0
sell,0.0001084,1.0
sell,0.00010843,1.0
sell,0.00010845,1.0
sell,0.00010851,1.0
sell,0.00010852,1.0
sell,0.00010853,1.0
sell,0.00010854,1.0
sell,0.00010855,1.0
sell,0.00010856,1.0
sell,0.00010857,1.0
sell,0.00010858,1.0
sell,0.0001086,1.0
sell,0.00010861,1.0
sell,0.00010862,1.0
sell,0.00010863,1.0
sell,0.00010864,1.0
sell,0.00010865,1.0
sell,0.00010867,1.0
sell,0.00010868,1.0
sell,0.0001087,1.0
sell,0.00010871,1.0
sell,0.00010872,1.0
sell,0.00010873,1.0
sell,0.00010874,1.0
sell,0.00010875,1.0
sell,0.00010876,1.0
sell,0.00010877,1.0
sell,0.00010879,1.0
sell,0.00010881,1.0
sell,0.00010977,1.0
sell,0.00010988,1.0
sell,0.00010989,1.0
sell,0.0001101,1.0
sell,0.00011124,1.0
sell,0.00011137,1.0
sell,0.00011255,1.0
sell,0.00011347,1.0
sell,0.00011443,1.0
sell,0.00011517,1.0
sell,0.00011555,1.0
sell,0.0001156,1.0
sell,0.0001158,1.0
sell,0.00011655,1.0
sell,0.00011682,1.0
sell,0.00011717,1.0
sell,0.00011791,1.0
sell,0.00011806,1.0
sell,0.00011813,1.0
sell,0.00011833,1.0
sell,0.00011836,1.0
sell,0.00011837,1.0
sell,0.00011855,1.0
sell,0.00011881,1.0
sell,0.00012132,1.0
sell,0.00012255,1.0
sell,0.00012314,1.0
sell,0.00012377,1.0
sell,0.00012455,1.0
sell,0.00012592,1.0
sell,0.00012717,1.0
sell,0.00012725,1.0
sell,0.00013061,1.0
sell,0.00013081,1.0
sell,0.00013114,1.0
sell,0.00013579,1.0
sell,0.00013679,1.0
sell,0.00013722,1.0
sell,0.00013779,1.0
sell,0.00013855,1.0
sell,0.00013879,1.0
sell,0.00013889,1.0
sell,0.00013911,1.0
sell,0.00014082,1.0
sell,0.0001416,1.0
sell,0.0001417,1.0
sell,0.00014205,1.0
sell,0.0001422,1.0
sell,0.00014228,1.0
sell,0.0001423,1.0
sell,0.0001424,1.0
sell,0.0001427,1.0
sell,0.00014369,1.0
sell,0.00014411,1.0
sell,0.00014421,1.0
sell,0.0001448,1.0
sell,0.0001459,1.0
sell,0.0001461,1.0
sell,0.00014617,1.0
sell,0.0001462,1.0
sell,0.0001464,1.0
sell,0.0001466,1.0
sell,0.00014723,1.0
sell,0.0001473,1.0
sell,0.0001478,1.0
sell,0.00014823,1.0
sell,0.00014876,1.0
sell,0.00014889,1.0
sell,0.00014914,1.0
sell,0.00015029,1.0
sell,0.00015235,1.0
sell,0.00015421,1.0
sell,0.00015441,1.0
sell,0.00015449,1.0
sell,0.00015525,1.0
sell,0.0001553,1.0
sell,0.0001556,1.0
sell,0.0001558,1.0
sell,0.0001561,1.0
sell,0.00015647,1.0
sell,0.0001574,1.0
sell,0.0001577,1.0
sell,0.0001578,1.0
sell,0.0001582,1.0
sell,0.0001583,1.0
sell,0.00015833,1.0
sell,0.00015852,1.0
sell,0.0001602,1.0
sell,0.00016058,1.0
sell,0.00016126,1.0
sell,0.0001616,1.0
sell,0.00016264,1.0
sell,0.0001647,1.0
sell,0.00016853,1.0
sell,0.00016882,1.0
sell,0.00016906,1.0
sell,0.00016996,1.0
sell,0.00017087,1.0
sell,0.00017088,1.0
sell,0.00017133,1.0
sell,0.00017158,1.0
sell,0.00017161,1.0
sell,0.00017166,1.0
sell,0.00017274,1.0
sell,0.00017294,1.0
sell,0.0001732,1.0
sell,0.0001734,1.0
sell,0.00017462,1.0
sell,0.00017487,1.0
sell,0.00017565,1.0
sell,0.00017609,1.0
sell,0.00017705,1.0
sell,0.00017865,1.0
sell,0.00017867,1.0
sell,0.00017911,1.0
sell,0.0001796,1.0
sell,0.00018001,1.0
sell,0.00018065,1.0
sell,0.00018117,1.0
sell,0.0001816,1.0
sell,0.00018317,1.0
sell,0.00018323,1.0
sell,0.00018464,1.0
sell,0.00018529,1.0
sell,0.00018565,1.0
sell,0.00018608,1.0
sell,0.00018735,1.0
sell,0.000188,1.0
sell,0.00018941,1.0
sell,0.00019132,1.0
sell,0.00019147,1.0
sell,0.00019351,1.0
sell,0.00019352,1.0
sell,0.00019558,1.0
sell,0.00019571,1.0
sell,0.00019764,1.0
sell,0.00019964,1.0
sell,0.0001997,1.0
sell,0.00020176,1.0
sell,0.00020382,1.0
sell,0.0002044,1.0
sell,0.00020588,1.0
sell,0.0002065,1.0
sell,0.00020794,1.0
sell,0.000208,1.0
sell,0.00021017,1.0
sell,0.00021028,1.0
sell,0.00021402,1.0
sell,0.00021892,1.0
sell,0.00021988,1.0
sell,0.00021999,1.0
sell,0.000222,1.0
sell,0.00022428,1.0
sell,0.00022541,1.0
sell,0.000227,1.0
sell,0.00023999,1.0
sell,0.00024773,1.0
sell,0.00024998,1.0
sell,0.00024999,1.0
sell,0.00025787,1.0
sell,0.00025817,1.0
sell,0.00025999,1.0
sell,0.00026974,1.0
sell,0.00026999,1.0
sell,0.00027999,1.0
sell,0.0002815,1.0
sell,0.00028258,1.0
sell,0.0002836,1.0
sell,0.00028842,1.0
sell,0.00028999,1.0
sell,0.00029999,1.0
sell,0.00030999,1.0
sell,0.00031999,1.0
sell,0.00032999,1.0
sell,0.00033999,1.0
sell,0.00034999,1.0
sell,0.00039843,1.0
sell,0.00039999,1.0
sell,0.00040002,1.0
sell,0.00049592,1.0
sell,0.00053721,1.0
sell,0.000564,1.0
sell,0.00069999,1.0
sell,0.00109132,1.0
sell,0.0012,1.0
sell,0.00129999,1.0
sell,0.00149121,1.0
sell,0.00166,1.0
sell,0.00194,1.0
sell,0.00199999,1.0
sell,0.00221238,1.0
sell,0.00222,1.0
sell,0.00259999,1.0
sell,0.00319999,1.0
sell,0.0033,1.0
sell,0.00479999,1.0
sell,0.00579999,1.0
sell,0.00799999,1.0
sell,0.00910444,1.0
sell,0.01009132,1.0
sell,0.069,1.0
sell,0.095,1.0
sell,0.10009132,1.0
sell,0.3,1.0
sell,0.7,1.0
sell,1000.0,1.0
sell,5.0,1.0
sell,6.0,1.0
sell,60.728,1.0
sell,9.258e-05,1.0
sell,9.268e-05,1.0
sell,9.272e-05,1.0
sell,9.273e-05,1.0
sell,9.278e-05,1.0
sell,9.286e-05,1.0
sell,9.302e-05,1.0
sell,9.307e-05,1.0
sell,9.312e-05,1.0
sell,9.313e-05,1.0
sell,9.314e-05,1.0
sell,9.317e-05,1.0
sell,9.319e-05,1.0
sell,9.321e-05,1.0
sell,9.326e-05,1.0
sell,9.327e-05,1.0
sell,9.32e-05,1.0
sell,9.333e-05,1.0
sell,9.334e-05,1.0
sell,9.336e-05,1.0
sell,9.337e-05,1.0
sell,9.339e-05,1.0
sell,9.33e-05,1.0
sell,9.341e-05,1.0
sell,9.343e-05,1.0
sell,9.344e-05,1.0
sell,9.348e-05,1.0
sell,9.353e-05,1.0
sell,9.357e-05,1.0
sell,9.364e-05,1.0
sell,9.368e-05,1.0
sell,9.371e-05,1.0
sell,9.382e-05,1.0
sell,9.385e-05,1.0
sell,9.392e-05,1.0
sell,9.405e-05,1.0
sell,9.526e-05,1.0
sell,9.546e-05,1.0
sell,9.638e-05,1.0
sell,9.643e-05,1.0
sell,9.648e-05,1.0
sell,9.651e-05,1.0
sell,9.652e-05,1.0
sell,9.653e-05,1.0
sell,9.663e-05,1.0
sell,9.677e-05,1.0
sell,9.687e-05,1.0
sell,9.689e-05,1.0
sell,9.722e-05,1.0
sell,9.756e-05,1.0
sell,9.765e-05,1.0
sell,9.804e-05,1.0
sell,9.816e-05,1.0
sell,9.89e-05,1.0
sell,9.924e-05,1.0
sell,99.0,1.0
sell,999999999.0,1.0
sell,0.00010017,2.0
sell,0.0001034,2.0
sell,0.00010439,2.0
sell,0.00010446,2.0
sell,0.00010449,2.0
sell,0.0001045,2.0
sell,0.00010822,2.0
sell,0.00010986,2.0
sell,0.0001102,2.0
sell,0.00011337,2.0
sell,0.00011415,2.0
sell,0.00011473,2.0
sell,0.00011802,2.0
sell,0.00011807,2.0
sell,0.00012142,2.0
sell,0.00012239,2.0
sell,0.00012366,2.0
sell,0.00012655,2.0
sell,0.00012795,2.0
sell,0.00012825,2.0
sell,0.00013287,2.0
sell,0.0001333,2.0
sell,0.00013925,2.0
sell,0.00013986,2.0
sell,0.00013992,2.0
sell,0.0001421,2.0
sell,0.0001432,2.0
sell,0.0001441,2.0
sell,0.0001445,2.0
sell,0.00014593,2.0
sell,0.0001468,2.0
sell,0.0001472,2.0
sell,0.00014747,2.0
sell,0.0001479,2.0
sell,0.0001483,2.0
sell,0.0001484,2.0
sell,0.00014931,2.0
sell,0.0001501,2.0
sell,0.0001502,2.0
sell,0.0001503,2.0
sell,0.00015031,2.0
sell,0.00015357,2.0
sell,0.0001559,2.0
sell,0.0001564,2.0
sell,0.0001568,2.0
sell,0.00015697,2.0
sell,0.00016552,2.0
sell,0.00017435,2.0
sell,0.00017523,2.0
sell,0.00020165,2.0
sell,0.00020426,2.0
sell,0.00020499,2.0
sell,0.00020533,2.0
sell,0.00020603,2.0
sell,0.00020824,2.0
sell,0.00021029,2.0
sell,0.00021114,2.0
sell,0.0002118,2.0
sell,0.00021378,2.0
sell,0.00021405,2.0
sell,0.00021499,2.0
sell,0.00021695,2.0
sell,0.000217,2.0
sell,0.00021986,2.0
sell,0.00022277,2.0
sell,0.00022499,2.0
sell,0.00022567,2.0
sell,0.00022858,2.0
sell,0.00023097,2.0
sell,0.00023148,2.0
sell,0.00023439,2.0
sell,0.00023499,2.0
sell,0.00023729,2.0
sell,0.0002402,2.0
sell,0.0002431,2.0
sell,0.00024351,2.0
sell,0.00024499,2.0
sell,0.00024601,2.0
sell,0.00024891,2.0
sell,0.00025182,2.0
sell,0.00025472,2.0
sell,0.00025499,2.0
sell,0.00025534,2.0
sell,0.00025763,2.0
sell,0.00026054,2.0
sell,0.00026344,2.0
sell,0.00026635,2.0
sell,0.00026925,2.0
sell,0.00027216,2.0
sell,0.00027266,2.0
sell,0.00027314,2.0
sell,0.00027506,2.0
sell,0.00027797,2.0
sell,0.00028087,2.0
sell,0.00028378,2.0
sell,0.00028668,2.0
sell,0.00028959,2.0
sell,0.0002925,2.0
sell,0.0002954,2.0
sell,0.00029831,2.0
sell,0.00030121,2.0
sell,0.00030233,2.0
sell,0.00030412,2.0
sell,0.00030702,2.0
sell,0.00030993,2.0
sell,0.00031283,2.0
sell,0.00031574,2.0
sell,0.00031864,2.0
sell,0.00032155,2.0
sell,0.00032736,2.0
sell,0.00033027,2.0
sell,0.0003303,2.0
sell,0.00033317,2.0
sell,0.00033608,2.0
sell,0.00033862,2.0
sell,0.00033898,2.0
sell,0.00034189,2.0
sell,0.00034479,2.0
sell,0.0003506,2.0
sell,0.00035351,2.0
sell,0.00035416,2.0
sell,0.00035641,2.0
sell,0.00035932,2.0
sell,0.00036222,2.0
sell,0.00036513,2.0
sell,0.00036804,2.0
sell,0.00037094,2.0
sell,0.00037385,2.0
sell,0.00037675,2.0
sell,0.00037966,2.0
sell,0.00038256,2.0
sell,0.00038547,2.0
sell,0.00038837,2.0
sell,0.00039128,2.0
sell,0.00039418,2.0
sell,0.00039709,2.0
sell,0.00046481,2.0
sell,0.00051,2.0
sell,0.00057546,2.0
sell,0.0006861,2.0
sell,0.00079675,2.0
sell,0.0009074,2.0
sell,0.00101805,2.0
sell,0.0011287,2.0
sell,0.0024,2.0
sell,0.0027266,2.0
sell,0.027266,2.0
sell,0.035164,2.0
sell,0.075,2.0
sell,0.08,2.0
sell,0.089,2.0
sell,0.125,2.0
sell,0.25,2.0
sell,0.27266,2.0
sell,0.35164,2.0
sell,0.6,2.0
sell,10500.0,2.0
sell,11.99999999,2.0
sell,3.5164,2.0
sell,48.88799999,2.0
sell,7.5164,2.0
sell,75.164,2.0
sell,9.261e-05,2.0
sell,9.315e-05,2.0
sell,9.328e-05,2.0
sell,9.329e-05,2.0
sell,9.332e-05,2.0
sell,9.516e-05,2.0
sell,9.678e-05,2.0
sell,9.812e-05,2.0
sell,9.951e-05,2.0
sell,9.99e-05,2.0
sell,0.00010051,3.0
sell,0.0001006,3.0
sell,0.00010091,3.0
sell,0.00010378,3.0
sell,0.00011277,3.0
sell,0.0001267,3.0
sell,0.00012977,3.0
sell,0.00013769,3.0
sell,0.00013921,3.0
sell,0.00014078,3.0
sell,0.00014105,3.0
sell,0.0001412,3.0
sell,0.0001428,3.0
sell,0.0001433,3.0
sell,0.00014441,3.0
sell,0.0001497,3.0
sell,0.0001542,3.0
sell,0.00015435,3.0
sell,0.00015737,3.0
sell,0.00016495,3.0
sell,0.0001737,3.0
sell,0.0001904,3.0
sell,0.0001936,3.0
sell,0.00019617,3.0
sell,0.00019887,3.0
sell,0.00020091,3.0
sell,0.00021016,3.0
sell,0.0002105,3.0
sell,0.0002113,3.0
sell,0.00021667,3.0
sell,0.00022333,3.0
sell,0.00022465,3.0
sell,0.00022954,3.0
sell,0.00023065,3.0
sell,0.000231,3.0
sell,0.00023116,3.0
sell,0.00023333,3.0
sell,0.00024333,3.0
sell,0.00025333,3.0
sell,0.00026333,3.0
sell,0.00027333,3.0
sell,0.00028333,3.0
sell,0.00029927,3.0
sell,0.000347,3.0
sell,0.0003999,3.0
sell,0.00068,3.0
sell,0.0007335,3.0
sell,0.00077364,3.0
sell,0.0010012,3.0
sell,0.00148888,3.0
sell,0.007,3.0
sell,0.03,3.0
sell,0.10014969,3.0
sell,0.51809,3.0
sell,147.0,3.0
sell,9.73e-05,3.0
sell,0.0001029,4.0
sell,0.0001035,4.0
sell,0.0001037,4.0
sell,0.00010617,4.0
sell,0.00010935,4.0
sell,0.00011012,4.0
sell,0.00011125,4.0
sell,0.00011387,4.0
sell,0.00012948,4.0
sell,0.00013063,4.0
sell,0.00013328,4.0
sell,0.0001429,4.0
sell,0.00014605,4.0
sell,0.00014752,4.0
sell,0.0001477,4.0
sell,0.00014777,4.0
sell,0.00014986,4.0
sell,0.00015036,4.0
sell,0.0001507,4.0
sell,0.00015249,4.0
sell,0.0001563,4.0
sell,0.00015731,4.0
sell,0.0001581,4.0
sell,0.00016649,4.0
sell,0.00020663,4.0
sell,0.00021794,4.0
sell,0.00021933,4.0
sell,0.00025133,4.0
sell,0.0003477,4.0
sell,0.00058364,4.0
sell,0.00113,4.0
sell,0.0013,4.0
sell,0.007335,4.0
sell,0.013,4.0
sell,9.256e-05,4.0
sell,9.269e-05,4.0
sell,9.36e-05,4.0
sell,9.75e-05,4.0
sell,0.00010302,5.0
sell,0.00010344,5.0
sell,0.00010413,5.0
sell,0.00010457,5.0
sell,0.00010541,5.0
sell,0.0001064,5.0
sell,0.0001068,5.0
sell,0.00010754,5.0
sell,0.00010866,5.0
sell,0.00010898,5.0
sell,0.0001097,5.0
sell,0.00011068,5.0
sell,0.00011133,5.0
sell,0.00011152,5.0
sell,0.00011195,5.0
sell,0.0001128,5.0
sell,0.00011338,5.0
sell,0.00011488,5.0
sell,0.00011509,5.0
sell,0.00011638,5.0
sell,0.00011645,5.0
sell,0.00011788,5.0
sell,0.00011938,5.0
sell,0.00012573,5.0
sell,0.00012981,5.0
sell,0.00013072,5.0
sell,0.00013745,5.0
sell,0.00013798,5.0
sell,0.00014124,5.0
sell,0.00014164,5.0
sell,0.00014224,5.0
sell,0.00014256,5.0
sell,0.00014275,5.0
sell,0.0001437,5.0
sell,0.00014385,5.0
sell,0.00014439,5.0
sell,0.0001453,5.0
sell,0.0001469,5.0
sell,0.00014767,5.0
sell,0.00014909,5.0
sell,0.00014979,5.0
sell,0.00015071,5.0
sell,0.00015121,5.0
sell,0.00015191,5.0
sell,0.00015262,5.0
sell,0.00015404,5.0
sell,0.00015474,5.0
sell,0.00015545,5.0
sell,0.00015616,5.0
sell,0.00015628,5.0
sell,0.00015686,5.0
sell,0.00015757,5.0
sell,0.00015824,5.0
sell,0.00015828,5.0
sell,0.0001604,5.0
sell,0.00016111,5.0
sell,0.00016181,5.0
sell,0.00016206,5.0
sell,0.00016252,5.0
sell,0.00016323,5.0
sell,0.00016393,5.0
sell,0.00016464,5.0
sell,0.00016535,5.0
sell,0.00016606,5.0
sell,0.0001666,5.0
sell,0.00016747,5.0
sell,0.00016818,5.0
sell,0.00016824,5.0
sell,0.00016885,5.0
sell,0.00016888,5.0
sell,0.00016959,5.0
sell,0.0001703,5.0
sell,0.00017101,5.0
sell,0.00017242,5.0
sell,0.00017313,5.0
sell,0.00017383,5.0
sell,0.00017454,5.0
sell,0.00017525,5.0
sell,0.00017595,5.0
sell,0.00017666,5.0
sell,0.00017682,5.0
sell,0.000177,5.0
sell,0.00017737,5.0
sell,0.000178,5.0
sell,0.00017808,5.0
sell,0.00017878,5.0
sell,0.00017949,5.0
sell,0.0001802,5.0
sell,0.00018161,5.0
sell,0.00018232,5.0
sell,0.00018234,5.0
sell,0.00018303,5.0
sell,0.00018373,5.0
sell,0.00018444,5.0
sell,0.00018515,5.0
sell,0.00018656,5.0
sell,0.00018727,5.0
sell,0.00018744,5.0
sell,0.00018797,5.0
sell,0.00018868,5.0
sell,0.00018898,5.0
sell,0.00018939,5.0
sell,0.0001908,5.0
sell,0.00019151,5.0
sell,0.00019222,5.0
sell,0.00019292,5.0
sell,0.00019363,5.0
sell,0.00019434,5.0
sell,0.00019505,5.0
sell,0.00019575,5.0
sell,0.00019646,5.0
sell,0.0001966,5.0
sell,0.00019682,5.0
sell,0.00019688,5.0
sell,0.00019717,5.0
sell,0.00019779,5.0
sell,0.00019787,5.0
sell,0.00019858,5.0
sell,0.00019929,5.0
sell,0.00020324,5.0
sell,0.00021067,5.0
sell,0.00021141,5.0
sell,0.00021424,5.0
sell,0.0002144,5.0
sell,0.00021569,5.0
sell,0.0002206,5.0
sell,0.0002221,5.0
sell,0.00022653,5.0
sell,0.00022711,5.0
sell,0.00026141,5.0
sell,0.00028448,5.0
sell,0.00034602,5.0
sell,0.00035164,5.0
sell,0.00038,5.0
sell,0.00041364,5.0
sell,0.00046141,5.0
sell,0.0005488,5.0
sell,0.00056896,5.0
sell,0.00057643,5.0
sell,0.00070037,5.0
sell,0.0011024,5.0
sell,0.00113792,5.0
sell,0.00227584,5.0
sell,0.00290818,5.0
sell,0.00351643,5.0
sell,0.0059666,5.0
sell,0.011024,5.0
sell,0.0112,5.0
sell,0.11024,5.0
sell,0.2,5.0
sell,9.465e-05,5.0
sell,0.0001007,6.0
sell,0.000102,6.0
sell,0.00010422,6.0
sell,0.0001044,6.0
sell,0.000106,6.0
sell,0.0001094,6.0
sell,0.00010969,6.0
sell,0.00012515,6.0
sell,0.00013337,6.0
sell,0.00013486,6.0
sell,0.00014322,6.0
sell,0.0001434,6.0
sell,0.0001452,6.0
sell,0.0001467,6.0
sell,0.0001476,6.0
sell,0.0001482,6.0
sell,0.00014838,6.0
sell,0.0001494,6.0
sell,0.0001495,6.0
sell,0.0001499,6.0
sell,0.0001512,6.0
sell,0.00016391,6.0
sell,0.00016676,6.0
sell,0.00018099,6.0
sell,0.00020008,6.0
sell,0.00020899,6.0
sell,0.00020995,6.0
sell,0.00021051,6.0
sell,0.00021801,6.0
sell,0.00022068,6.0
sell,0.0002559,6.0
sell,0.00027364,6.0
sell,0.0002837,6.0
sell,0.00040585,6.0
sell,0.0006488,6.0
sell,0.00083333,6.0
sell,0.001242,6.0
sell,0.0018,6.0
sell,0.002388,6.0
sell,0.13,6.0
sell,9.301e-05,6.0
sell,0.00010892,7.0
sell,0.00013026,7.0
sell,0.0001444,7.0
sell,0.0001457,7.0
sell,0.00014653,7.0
sell,0.0001491,7.0
sell,0.00016382,7.0
sell,0.00017751,7.0
sell,0.00018569,7.0
sell,0.00021175,7.0
sell,0.00022748,7.0
sell,0.00024214,7.0
sell,0.00033,7.0
sell,0.02,7.0
sell,0.57643,7.0
sell,2.0,7.0
sell,0.00010331,8.0
sell,0.00010949,8.0
sell,0.00012312,8.0
sell,0.00012835,8.0
sell,0.00013005,8.0
sell,0.00013142,8.0
sell,0.0001508,8.0
sell,0.0001545,8.0
sell,0.00016777,8.0
sell,0.00018154,8.0
sell,0.0002412,8.0
sell,0.00025555,8.0
sell,0.0002745,8.0
sell,0.00031829,8.0
sell,0.00034,8.0
sell,0.00040569,8.0
sell,0.0011411,8.0
sell,0.0016,8.0
sell,0.099,8.0
sell,0.10011212,8.0
sell,0.99,8.0
sell,0.00012405,9.0
sell,0.0001381,9.0
sell,0.0001439,9.0
sell,0.0001442,9.0
sell,0.0001455,9.0
sell,0.00015576,9.0
sell,0.0001576,9.0
sell,0.0001718,9.0
sell,0.0001898,9.0
sell,0.00019052,9.0
sell,0.00021093,9.0
sell,0.00022638,9.0
sell,0.000255,9.0
sell,0.00036081,9.0
sell,0.000534,9.0
sell,0.00099999,9.0
sell,0.02388,9.0
sell,0.00010072,10.0
sell,0.00010101,10.0
sell,0.00010553,10.0
sell,0.00011132,10.0
sell,0.00011139,10.0
sell,0.00011166,10.0
sell,0.00011168,10.0
sell,0.00011169,10.0
sell,0.00011196,10.0
sell,0.00011197,10.0
sell,0.0001132,10.0
sell,0.00011395,10.0
sell,0.00011406,10.0
sell,0.00011475,10.0
sell,0.00011599,10.0
sell,0.00011705,10.0
sell,0.0001258,10.0
sell,0.00012698,10.0
sell,0.00012744,10.0
sell,0.00012826,10.0
sell,0.00013375,10.0
sell,0.00013405,10.0
sell,0.00013441,10.0
sell,0.0001351,10.0
sell,0.00013899,10.0
sell,0.00014052,10.0
sell,0.00014405,10.0
sell,0.00014433,10.0
sell,0.00014501,10.0
sell,0.0001454,10.0
sell,0.00014758,10.0
sell,0.00014829,10.0
sell,0.00014921,10.0
sell,0.00014951,10.0
sell,0.0001496,10.0
sell,0.00015019,10.0
sell,0.00015047,10.0
sell,0.00015063,10.0
sell,0.00015078,10.0
sell,0.00015106,10.0
sell,0.00015125,10.0
sell,0.00015138,10.0
sell,0.00015194,10.0
sell,0.00015232,10.0
sell,0.00015317,10.0
sell,0.00015353,10.0
sell,0.00015388,10.0
sell,0.00015405,10.0
sell,0.00015411,10.0
sell,0.00015429,10.0
sell,0.00015437,10.0
sell,0.00015657,10.0
sell,0.0001567,10.0
sell,0.00015875,10.0
sell,0.00016231,10.0
sell,0.00016312,10.0
sell,0.00016993,10.0
sell,0.00017187,10.0
sell,0.00017468,10.0
sell,0.0001754,10.0
sell,0.00017625,10.0
sell,0.00017946,10.0
sell,0.00018062,10.0
sell,0.0001826,10.0
sell,0.0001842,10.0
sell,0.0001855,10.0
sell,0.0001862,10.0
sell,0.00018743,10.0
sell,0.0001877,10.0
sell,0.0001934,10.0
sell,0.0001944,10.0
sell,0.000197,10.0
sell,0.0001972,10.0
sell,0.00019889,10.0
sell,0.0002002,10.0
sell,0.00020154,10.0
sell,0.00020179,10.0
sell,0.00021643,10.0
sell,0.00022041,10.0
sell,0.0002288,10.0
sell,0.0002315,10.0
sell,0.0002479,10.0
sell,0.000252,10.0
sell,0.00026171,10.0
sell,0.00027643,10.0
sell,0.00028237,10.0
sell,0.000346,10.0
sell,0.0004001,10.0
sell,0.00041,10.0
sell,0.00049,10.0
sell,0.000717,10.0
sell,0.00112,10.0
sell,0.001145,10.0
sell,0.00115,10.0
sell,0.0011554,10.0
sell,0.00116,10.0
sell,0.00118,10.0
sell,0.00154,10.0
sell,0.0099,10.0
sell,0.010609,10.0
sell,0.011,10.0
sell,0.011713,10.0
sell,0.025,10.0
sell,0.10609,10.0
sell,0.11,10.0
sell,1.00021751,10.0
sell,1.74694692,10.0
sell,1.99999999,10.0
sell,12000.0,10.0
sell,9.43e-05,10.0
sell,0.00011062,11.0
sell,0.00011614,11.0
sell,0.0001522,11.0
sell,0.0001536,11.0
sell,0.00015394,11.0
sell,0.0001805,11.0
sell,0.0001809,11.0
sell,0.000181,11.0
sell,0.000184,11.0
sell,0.00018585,11.0
sell,0.00019823,11.0
sell,0.00022358,11.0
sell,0.01154,11.0
sell,9.451e-05,11.0
sell,0.00010777,12.0
sell,0.00011787,12.0
sell,0.0001207,12.0
sell,0.00012101,12.0
sell,0.0001251,12.0
sell,0.000128,12.0
sell,0.00014111,12.0
sell,0.0001475,12.0
sell,0.00015081,12.0
sell,0.00015151,12.0
sell,0.00017151,12.0
sell,0.00017909,12.0
sell,0.000201,12.0
sell,0.0002078,12.0
sell,0.00025261,12.0
sell,0.00026001,12.0
sell,0.000262,12.0
sell,0.00063255,12.0
sell,0.0001451,13.0
sell,0.0001505,13.0
sell,0.0001511,13.0
sell,0.0001535,13.0
sell,0.00016028,13.0
sell,0.00020203,13.0
sell,0.00022742,13.0
sell,0.0002341,13.0
sell,0.00033868,13.0
sell,0.00079,13.0
sell,0.003106,13.0
sell,9.38e-05,13.0
sell,0.00010078,14.0
sell,0.00011225,14.0
sell,0.00013003,14.0
sell,0.00014349,14.0
sell,0.0001443,14.0
sell,0.000176,14.0
sell,0.000193,14.0
sell,0.00019804,14.0
sell,0.00027246,14.0
sell,0.00011374,15.0
sell,0.00014566,15.0
sell,0.0001488,15.0
sell,0.00015337,15.0
sell,0.00019557,15.0
sell,0.00019933,15.0
sell,0.00022003,15.0
sell,0.00028014,15.0
sell,0.0013662,15.0
sell,9.26e-05,15.0
sell,9.565e-05,15.0
sell,0.00012999,16.0
sell,0.00014573,16.0
sell,0.00015989,16.0
sell,0.0001675,16.0
sell,0.00017164,16.0
sell,0.00017208,16.0
sell,0.00017579,16.0
sell,0.00017994,16.0
sell,0.0001861,16.0
sell,0.000196,16.0
sell,0.00021266,16.0
sell,0.00022418,16.0
sell,0.00022822,16.0
sell,0.00024001,16.0
sell,0.00011269,17.0
sell,0.00012956,17.0
sell,0.0001438,17.0
sell,0.0001446,17.0
sell,0.00014779,17.0
sell,0.00016333,17.0
sell,0.00016748,17.0
sell,0.0001765,17.0
sell,0.0002015,17.0
sell,0.00022238,17.0
sell,0.000224,17.0
sell,0.00011287,18.0
sell,0.00013598,18.0
sell,0.00013654,18.0
sell,0.00013927,18.0
sell,0.00014206,18.0
sell,0.00015503,18.0
sell,0.00015918,18.0
sell,0.00016875,18.0
sell,0.00020566,18.0
sell,0.00022565,18.0
sell,0.0002294,18.0
sell,0.00010878,19.0
sell,0.0001172,19.0
sell,0.00012866,19.0
sell,0.00013124,19.0
sell,0.00013386,19.0
sell,0.00015087,19.0
sell,0.0001597,19.0
sell,0.00017379,19.0
sell,0.000213,19.0
sell,0.00028001,19.0
sell,0.00010189,20.0
sell,0.00011846,20.0
sell,0.00012051,20.0
sell,0.00012367,20.0
sell,0.00012614,20.0
sell,0.0001317,20.0
sell,0.00013712,20.0
sell,0.0001401,20.0
sell,0.00014754,20.0
sell,0.00016251,20.0
sell,0.0001689,20.0
sell,0.00017489,20.0
sell,0.0001755,20.0
sell,0.00019209,20.0
sell,0.00019864,20.0
sell,0.00020292,20.0
sell,0.00021102,20.0
sell,0.00021755,20.0
sell,0.00022508,20.0
sell,0.00022824,20.0
sell,0.00022825,20.0
sell,0.00025419,20.0
sell,0.0003001,20.0
sell,0.00031,20.0
sell,0.00031102,20.0
sell,0.00071501,20.0
sell,0.002269,20.0
sell,0.10012339,20.0
sell,1400.0,20.0
sell,9.452e-05,20.0
sell,0.00012124,21.0
sell,0.00014875,21.0
sell,0.00014897,21.0
sell,0.00064197,21.0
sell,0.00011425,22.0
sell,0.0001154,22.0
sell,0.0001199,22.0
sell,0.00012181,22.0
sell,0.00012363,22.0
sell,0.00013716,22.0
sell,0.00014881,22.0
sell,0.00017581,22.0
sell,0.000248,22.0
sell,0.00010981,23.0
sell,0.00011474,23.0
sell,0.00013465,23.0
sell,0.00016628,23.0
sell,0.00017108,23.0
sell,0.0029624,23.0
sell,0.000101,24.0
sell,0.00010296,24.0
sell,0.00010345,24.0
sell,0.00012854,24.0
sell,0.0001447,24.0
sell,0.00014632,24.0
sell,0.0002219,24.0
sell,0.0002251,24.0
sell,0.00022981,24.0
sell,9.716e-05,24.0
sell,9.753e-05,24.0
sell,0.00010595,25.0
sell,0.00010934,25.0
sell,0.00011875,25.0
sell,0.00012572,25.0
sell,0.00012745,25.0
sell,0.00013833,25.0
sell,0.00013872,25.0
sell,0.00014333,25.0
sell,0.00014833,25.0
sell,0.00014872,25.0
sell,0.00015526,25.0
sell,0.00016072,25.0
sell,0.00016221,25.0
sell,0.00016701,25.0
sell,0.00017348,25.0
sell,0.00018072,25.0
sell,0.00018096,25.0
sell,0.00019723,25.0
sell,0.00021656,25.0
sell,0.00023649,25.0
sell,0.000315,25.0
sell,0.0019,25.0
sell,0.0029,25.0
sell,3.0,25.0
sell,0.00010241,26.0
sell,0.00011088,26.0
sell,0.00011199,26.0
sell,0.00012754,26.0
sell,0.00013777,26.0
sell,0.00013782,26.0
sell,0.00013888,26.0
sell,0.00013944,26.0
sell,0.000154,26.0
sell,0.00019272,26.0
sell,0.00020072,26.0
sell,0.0002149,26.0
sell,0.000314,26.0
sell,0.00011946,27.0
sell,0.00012446,27.0
sell,0.0001407,27.0
sell,0.00015693,27.0
sell,0.00017317,27.0
sell,0.0001894,27.0
sell,0.00020564,27.0
sell,0.0002001,28.0
sell,0.00021205,28.0
sell,0.00030037,28.0
sell,0.00011899,29.0
sell,0.0001474,29.0
sell,0.0001493,29.0
sell,0.00015333,29.0
sell,0.00017556,29.0
sell,0.00030352,29.0
sell,9.254e-05,29.0
sell,9.681e-05,29.0
sell,0.00010125,30.0
sell,0.0001139,30.0
sell,0.0001226,30.0
sell,0.00013252,30.0
sell,0.00013321,30.0
sell,0.0001402,30.0
sell,0.00014966,30.0
sell,0.00015176,30.0
sell,0.00016009,30.0
sell,0.0001655,30.0
sell,0.0001693,30.0
sell,0.00017285,30.0
sell,0.00018211,30.0
sell,0.0001849,30.0
sell,0.0001967,30.0
sell,0.00019974,30.0
sell,0.00020171,30.0
sell,0.00021283,30.0
sell,0.00022664,30.0
sell,0.00024058,30.0
sell,0.00024282,30.0
sell,0.000275,30.0
sell,0.00033245,30.0
sell,0.00050821,30.0
sell,0.00110821,30.0
sell,0.0014169,30.0
sell,0.00187,30.0
sell,0.0021821,30.0
sell,0.01242,30.0
sell,0.04,30.0
sell,15000.0,30.0
sell,5.77,30.0
sell,0.00011202,31.0
sell,0.00011998,31.0
sell,0.00012742,31.0
sell,0.00013132,31.0
sell,0.0001315,31.0
sell,0.00016522,31.0
sell,0.009,31.0
sell,0.0001195,32.0
sell,0.00012957,32.0
sell,0.00013012,32.0
sell,0.00015597,32.0
sell,0.00017956,32.0
sell,10.0,32.0
sell,0.0001397,33.0
sell,0.00015046,33.0
sell,0.00014449,34.0
sell,0.0001471,34.0
sell,0.00020466,34.0
sell,0.07203,34.0
sell,0.00010365,35.0
sell,0.00011328,35.0
sell,0.00011559,35.0
sell,0.00011728,35.0
sell,0.00011912,35.0
sell,0.0001275,35.0
sell,0.00013791,35.0
sell,0.00015898,35.0
sell,0.00020376,35.0
sell,0.00021432,35.0
sell,0.0010444,35.0
sell,0.00222222,35.0
sell,0.00011383,36.0
sell,0.00013436,36.0
sell,0.0001486,36.0
sell,0.00016666,36.0
sell,0.00017853,36.0
sell,0.00022022,36.0
sell,0.0001082,37.0
sell,0.00011782,37.0
sell,0.00023001,37.0
sell,0.00010031,38.0
sell,0.00010629,38.0
sell,0.00011327,38.0
sell,0.00012252,38.0
sell,0.00015999,38.0
sell,0.00015331,39.0
sell,0.0001746,39.0
sell,0.0001925,39.0
sell,0.000338,39.0
sell,0.0001023,40.0
sell,0.0001403,40.0
sell,0.00014221,40.0
sell,0.00016081,40.0
sell,0.00016375,40.0
sell,0.00017764,40.0
sell,0.00021234,40.0
sell,0.00022058,40.0
sell,0.00012475,41.0
sell,0.000134,41.0
sell,0.00014836,41.0
sell,0.00015233,41.0
sell,0.00017528,41.0
sell,0.00019959,41.0
sell,0.000251,41.0
sell,0.4,41.0
sell,0.0001092,42.0
sell,0.00016659,42.0
sell,0.00017124,42.0
sell,0.00018388,42.0
sell,0.00018999,42.0
sell,0.00020764,42.0
sell,0.00035733,42.0
sell,0.00010047,43.0
sell,0.00010498,43.0
sell,0.0001093,43.0
sell,0.000116,43.0
sell,0.000146,43.0
sell,0.00014725,43.0
sell,0.00015584,43.0
sell,0.00021698,43.0
sell,0.00025145,43.0
sell,0.00036137,43.0
sell,0.00013789,44.0
sell,0.00014053,44.0
sell,0.00015652,44.0
sell,0.00015665,44.0
sell,0.0001357,45.0
sell,0.000228,45.0
sell,0.00011887,46.0
sell,0.0001489,46.0
sell,0.00015366,46.0
sell,0.00029888,46.0
sell,0.00039,46.0
sell,9.455e-05,46.0
sell,0.00016598,48.0
sell,0.0001692,48.0
sell,0.0021,48.0
sell,9.549e-05,48.0
sell,0.000311,49.0
sell,0.0205,49.0
sell,0.00011031,50.0
sell,0.00011979,50.0
sell,0.0001253,50.0
sell,0.00012903,50.0
sell,0.0001292,50.0
sell,0.0001293,50.0
sell,0.0001294,50.0
sell,0.0001296,50.0
sell,0.0001297,50.0
sell,0.0001298,50.0
sell,0.0001302,50.0
sell,0.0001303,50.0
sell,0.0001304,50.0
sell,0.0001329,50.0
sell,0.0001338,50.0
sell,0.00013762,50.0
sell,0.00014418,50.0
sell,0.00014887,50.0
sell,0.00015002,50.0
sell,0.00015269,50.0
sell,0.00016269,50.0
sell,0.00016421,50.0
sell,0.00016687,50.0
sell,0.0001685,50.0
sell,0.00017298,50.0
sell,0.00018022,50.0
sell,0.00018269,50.0
sell,0.00019313,50.0
sell,0.00019455,50.0
sell,0.00020295,50.0
sell,0.0002033,50.0
sell,0.00024283,50.0
sell,0.000243,50.0
sell,0.00025225,50.0
sell,0.0002588,50.0
sell,0.0002995,50.0
sell,0.0003139,50.0
sell,0.000321,50.0
sell,0.00032417,50.0
sell,0.000369,50.0
sell,0.00059,50.0
sell,0.00067366,50.0
sell,0.00087,50.0
sell,0.0009199,50.0
sell,0.001169,50.0
sell,0.007942,50.0
sell,0.021821,50.0
sell,0.0548779,50.0
sell,0.15,50.0
sell,0.0001201,51.0
sell,0.000161,51.0
sell,0.00027975,51.0
sell,0.0003341,51.0
sell,0.00051057,51.0
sell,0.0011934,51.0
sell,0.00985,51.0
sell,0.00018085,52.0
sell,0.000203,52.0
sell,0.00013949,53.0
sell,0.00022893,53.0
sell,0.000362,53.0
sell,0.07,53.0
sell,0.00013699,54.0
sell,0.0001485,54.0
sell,0.00017484,54.0
sell,0.18082067,54.0
sell,0.00022586,55.0
sell,0.0001365,56.0
sell,0.00015325,56.0
sell,0.00015633,56.0
sell,0.00019499,56.0
sell,0.00019912,56.0
sell,0.00020156,56.0
sell,9.45e-05,56.0
sell,0.0001125,57.0
sell,0.0002018,57.0
sell,0.0001277,59.0
sell,0.0001374,59.0
sell,0.0001773,59.0
sell,0.00019641,59.0
sell,0.00018972,60.0
sell,0.000191,60.0
sell,0.00024456,60.0
sell,0.0002499,60.0
sell,0.791,60.0
sell,0.0001301,61.0
sell,0.00015766,61.0
sell,0.00016788,61.0
sell,1.00010702,61.0
sell,0.0001458,62.0
sell,0.00016786,62.0
sell,0.00013099,63.0
sell,0.00015883,63.0
sell,0.00013761,64.0
sell,0.00022777,64.0
sell,0.011441,64.0
sell,1.0001073,64.0
sell,0.00012155,65.0
sell,0.0001487,65.0
sell,0.00015058,65.0
sell,0.00022804,65.0
sell,0.000103,66.0
sell,0.00011142,66.0
sell,0.0001299,66.0
sell,0.0004419,67.0
sell,0.00072288,67.0
sell,0.001277,67.0
sell,0.07233,68.0
sell,0.00015969,69.0
sell,0.000386,69.0
sell,0.0001135,70.0
sell,0.00011542,70.0
sell,0.00016974,70.0
sell,0.0001776,70.0
sell,0.0002198,70.0
sell,0.0002298,70.0
sell,0.0002698,70.0
sell,0.0002798,70.0
sell,0.000289,70.0
sell,0.0002998,70.0
sell,0.0003198,70.0
sell,0.0003298,70.0
sell,0.0003498,70.0
sell,0.0003598,70.0
sell,0.00016033,71.0
sell,0.00020129,72.0
sell,0.00021333,72.0
sell,0.00030051,72.0
sell,0.00203,72.0
sell,0.0002498,73.0
sell,0.00015998,74.0
sell,0.000182,74.0
sell,0.00027974,74.0
sell,0.0001205,76.0
sell,0.00019737,76.0
sell,0.00016166,77.0
sell,0.000355,79.0
sell,0.0001184,80.0
sell,0.00013378,80.0
sell,0.00021969,80.0
sell,0.00025283,80.0
sell,0.001037,80.0
sell,0.0001395,81.0
sell,0.000144,82.0
sell,0.00023024,82.0
sell,0.00018856,83.0
sell,0.0001146,84.0
sell,0.0001449,84.0
sell,0.000266,85.0
sell,0.0001622,86.0
sell,0.00016433,87.0
sell,0.00019584,87.0
sell,0.000108,90.0
sell,0.0071083,90.0
sell,9.499e-05,90.0
sell,0.13329206,91.0
sell,0.0001085,92.0
sell,0.00016566,92.0
sell,0.00020107,92.0
sell,0.00025041,92.0
sell,0.00014901,93.0
sell,0.000183,93.0
sell,0.00022307,95.0
sell,0.0086,95.0
sell,0.017,95.0
sell,0.00010837,96.0
sell,0.00022001,96.0
sell,0.00012278,97.0
sell,0.00017171,97.0
sell,0.0001555,98.0
sell,0.00022491,98.0
sell,0.0001394,99.0
sell,0.0004813,99.0
sell,0.00381406,99.0
sell,0.012,99.0
sell,0.00010106,100.0
sell,0.00010193,100.0
sell,0.00010204,100.0
sell,0.00011446,100.0
sell,0.00011605,100.0
sell,0.00012056,100.0
sell,0.00012392,100.0
sell,0.00012469,100.0
sell,0.00012492,100.0
sell,0.00012673,100.0
sell,0.00012703,100.0
sell,0.0001272,100.0
sell,0.00012794,100.0
sell,0.00012976,100.0
sell,0.00013454,100.0
sell,0.0001377,100.0
sell,0.00013792,100.0
sell,0.00013884,100.0
sell,0.00014204,100.0
sell,0.00014892,100.0
sell,0.00015084,100.0
sell,0.00015312,100.0
sell,0.0001543,100.0
sell,0.00015861,100.0
sell,0.00015892,100.0
sell,0.00015958,100.0
sell,0.00016285,100.0
sell,0.00016468,100.0
sell,0.000166,100.0
sell,0.00016811,100.0
sell,0.00016892,100.0
sell,0.00017206,100.0
sell,0.00017664,100.0
sell,0.00017888,100.0
sell,0.00018009,100.0
sell,0.00018084,100.0
sell,0.00018195,100.0
sell,0.00018335,100.0
sell,0.00018492,100.0
sell,0.00018634,100.0
sell,0.00019323,100.0
sell,0.0001943,100.0
sell,0.0002043,100.0
sell,0.00020782,100.0
sell,0.00021992,100.0
sell,0.00021998,100.0
sell,0.00022535,100.0
sell,0.00024824,100.0
sell,0.00024881,100.0
sell,0.000285,100.0
sell,0.00036168,100.0
sell,0.000385,100.0
sell,0.0004868,100.0
sell,0.0011375,100.0
sell,0.0011815,100.0
sell,0.012118,100.0
sell,0.012543,100.0
sell,9.58e-05,100.0
sell,0.0001121,101.0
sell,0.0001588,101.0
sell,0.00020999,101.0
sell,0.00012785,102.0
sell,0.0001481,102.0
sell,0.00011003,103.0
sell,0.0001515,103.0
sell,0.00016833,103.0
sell,0.07263,103.0
sell,9.564e-05,103.0
sell,0.000107,104.0
sell,0.00011905,104.0
sell,0.00025535,104.0
sell,0.0001126,105.0
sell,0.00011883,105.0
sell,0.00012884,105.0
sell,0.000138,105.0
sell,0.00015555,105.0
sell,0.000162,105.0
sell,0.00022226,106.0
sell,0.00014509,107.0
sell,0.00016966,107.0
sell,0.00018083,107.0
sell,0.0001122,109.0
sell,0.00011356,110.0
sell,0.00013962,110.0
sell,0.00014235,110.0
sell,0.00029917,110.0
sell,0.00020392,111.0
sell,0.0001202,112.0
sell,0.00021911,114.0
sell,9.399e-05,114.0
sell,9.576e-05,114.0
sell,9.818e-05,114.0
sell,0.00011404,115.0
sell,0.0001367,115.0
sell,9.394e-05,115.0
sell,0.00012164,117.0
sell,0.0001633,117.0
sell,0.00017233,117.0
sell,0.0001048,118.0
sell,0.00010061,119.0
sell,0.00010821,119.0
sell,0.00010985,119.0
sell,0.00026706,119.0
sell,0.00014073,120.0
sell,0.00017501,120.0
sell,0.00020958,120.0
sell,0.00024035,120.0
sell,0.00100782,120.0
sell,0.00010519,121.0
sell,0.00013256,121.0
sell,9.612e-05,121.0
sell,0.00016332,122.0
sell,0.00017366,123.0
sell,0.00017975,123.0
sell,0.0001982,125.0
sell,0.000259,125.0
sell,0.0001599,128.0
sell,0.006,129.0
sell,0.0001533,130.0
sell,0.00032165,130.0
sell,0.00045436,130.0
sell,3.5,131.0
sell,0.002,132.0
sell,0.00010999,134.0
sell,0.0001243,134.0
sell,9.275e-05,134.0
sell,0.00030255,135.0
sell,0.09,136.0
sell,0.00010859,137.0
sell,0.000113,137.0
sell,0.00014494,137.0
sell,0.0001965,137.0
sell,0.00021948,137.0
sell,0.07293,137.0
sell,0.00013866,138.0
sell,0.0001456,140.0
sell,0.00016674,140.0
sell,0.00010914,143.0
sell,0.00016955,143.0
sell,0.00022964,143.0
sell,0.00018516,145.0
sell,0.00206,145.0
sell,0.00019999,147.0
sell,0.000215,147.0
sell,9.397e-05,147.0
sell,0.00013817,148.0
sell,0.00012372,150.0
sell,0.00012499,150.0
sell,0.00015113,150.0
sell,0.00015777,150.0
sell,0.00015842,150.0
sell,0.00018396,150.0
sell,0.0001989,150.0
sell,0.0002098,150.0
sell,0.0002289,150.0
sell,0.00012471,151.0
sell,0.00020459,151.0
sell,0.00022999,151.0
sell,0.009726,151.0
sell,0.0003318,154.0
sell,9.961e-05,154.0
sell,0.00017892,156.0
sell,0.0001244,157.0
sell,0.00019059,157.0
sell,0.00021584,157.0
sell,0.00020007,158.0
sell,0.0002011,158.0
sell,0.00055,158.0
sell,0.00011759,159.0
sell,0.00013235,159.0
sell,0.0001705,159.0
sell,0.00012322,160.0
sell,0.00016224,160.0
sell,0.0001749,161.0
sell,0.00024779,161.0
sell,0.00010278,162.0
sell,0.00023049,162.0
sell,9.378e-05,162.0
sell,9.92e-05,163.0
sell,0.0001425,165.0
sell,0.00015979,165.0
sell,0.00017937,165.0
sell,0.0001346,166.0
sell,0.0001998,166.0
sell,0.0001465,168.0
sell,0.00010725,172.0
sell,0.00014469,172.0
sell,0.07323,172.0
sell,9.253e-05,172.0
sell,0.0001415,174.0
sell,0.00021538,177.0
sell,0.00012202,178.0
sell,0.00012054,184.0
sell,0.0001137,185.0
sell,9.999e-05,188.0
sell,0.00713,189.0
sell,0.00014143,194.0
sell,0.00017825,196.0
sell,0.00025469,196.0
sell,0.00014355,197.0
sell,0.00011999,198.0
sell,0.0001225,200.0
sell,0.00013101,200.0
sell,0.0001345,200.0
sell,0.00014814,200.0
sell,0.00015213,200.0
sell,0.00016546,200.0
sell,0.00017916,200.0
sell,0.00018094,200.0
sell,0.00019732,200.0
sell,0.00019866,200.0
sell,0.00020289,200.0
sell,0.0002146,200.0
sell,0.00025324,200.0
sell,9.547e-05,200.0
sell,0.0004098,202.0
sell,9.732e-05,203.0
sell,0.00016757,204.0
sell,0.07353,206.0
sell,0.00010564,207.0
sell,0.0001047,208.0
sell,0.0015,208.0
sell,0.0003106,210.0
sell,0.0001435,213.0
sell,0.0025,213.0
sell,0.0001431,214.0
sell,0.00012022,215.0
sell,0.00019845,215.0
sell,0.00010636,216.0
sell,0.000159,216.0
sell,0.00012997,217.0
sell,0.00209,218.0
sell,0.00019916,223.0
sell,0.0001115,224.0
sell,0.000199,225.0
sell,0.00099155,230.0
sell,0.00015703,232.0
sell,0.000118,234.0
sell,0.00022463,237.0
sell,0.000112,240.0
sell,0.0001525,240.0
sell,0.0001575,241.0
sell,0.07383,241.0
sell,0.00015045,243.0
sell,0.000164,243.0
sell,0.0001247,244.0
sell,0.00010196,246.0
sell,0.00011416,246.0
sell,0.000284,249.0
sell,0.00011803,250.0
sell,0.00021364,250.0
sell,0.0002175,250.0
sell,0.000229,250.0
sell,0.0012855,250.0
sell,0.003,250.0
sell,0.0001973,251.0
sell,0.00217271,251.0
sell,0.0001208,252.0
sell,0.0001291,252.0
sell,0.00011095,257.0
sell,0.000219,259.0
sell,0.00022388,262.0
sell,0.00021651,263.0
sell,0.00014357,264.0
sell,0.000168,265.0
sell,0.00014536,268.0
sell,0.00019216,268.0
sell,0.00011368,270.0
sell,0.00010794,272.0
sell,0.07413,275.0
sell,0.0001356,279.0
sell,0.00018979,280.0
sell,0.0001025,281.0
sell,0.00011987,281.0
sell,0.0001295,282.0
sell,0.0008099,287.0
sell,0.00212,290.0
sell,0.00096789,292.0
sell,0.000163,296.0
sell,0.00019705,298.0
sell,0.00015368,299.0
sell,0.00010396,300.0
sell,0.0001335,300.0
sell,0.0002168,300.0
sell,0.00668703,301.0
sell,0.00022887,305.0
sell,0.07443,310.0
sell,0.00021864,311.0
sell,0.00010827,313.0
sell,0.00011499,313.0
sell,9.801e-05,313.0
sell,9.255e-05,315.0
sell,0.000211,317.0
sell,0.00014311,318.0
sell,0.00015272,318.0
sell,0.0008,319.0
sell,0.015,328.0
sell,0.00010109,329.0
sell,0.0001516,329.0
sell,0.0001155,332.0
sell,0.00019489,334.0
sell,9.503e-05,339.0
sell,0.0001901,340.0
sell,0.1,340.0
sell,0.00015001,342.0
sell,0.000167,344.0
sell,0.07473,344.0
sell,0.00044639,350.0
sell,9.98e-05,354.0
sell,0.06,355.0
sell,0.00015149,356.0
sell,0.00016564,357.0
sell,0.0013947,359.0
sell,9.63e-05,360.0
sell,0.00215,363.0
sell,0.00015963,369.0
sell,0.00012444,371.0
sell,0.0001625,372.0
sell,0.00016917,372.0
sell,0.0001192,373.0
sell,0.00013805,377.0
sell,0.07503,379.0
sell,9.403e-05,387.0
sell,0.00010363,391.0
sell,9.7e-05,393.0
sell,0.00011091,395.0
sell,0.0001216,396.0
sell,9.3e-05,397.0
sell,0.000115,398.0
sell,0.00011121,400.0
sell,0.00014937,400.0
sell,0.00015412,400.0
sell,0.00016447,400.0
sell,0.00016449,400.0
sell,0.0004599,400.0
sell,0.0005099,400.0
sell,0.001449,400.0
sell,0.63,400.0
sell,0.00016499,401.0
sell,0.000158,402.0
sell,0.00032445,406.0
sell,0.00013199,407.0
sell,0.0002121,412.0
sell,0.07533,413.0
sell,0.0001185,414.0
sell,0.000119,416.0
sell,0.0002148,417.0
sell,0.0002477,417.0
sell,0.000218,418.0
sell,0.00014271,420.0
sell,0.000157,423.0
sell,0.00011114,425.0
sell,0.00019296,425.0
sell,9.581e-05,430.0
sell,0.00010473,431.0
sell,0.00010729,433.0
sell,0.00218,436.0
sell,0.00011127,438.0
sell,0.00010447,448.0
sell,0.07563,448.0
sell,0.00014071,454.0
sell,0.0001389,455.0
sell,0.00015879,455.0
sell,0.00022676,455.0
sell,0.000257,455.0
sell,0.00011077,458.0
sell,0.000148,461.0
sell,0.000152,461.0
sell,0.00012595,468.0
sell,0.000179,479.0
sell,0.00080906,480.0
sell,0.07593,482.0
sell,0.00022551,491.0
sell,0.00010886,492.0
sell,0.00012699,500.0
sell,0.00014366,500.0
sell,0.00014923,500.0
sell,0.0001601,500.0
sell,0.00016931,500.0
sell,0.0003016,500.0
sell,0.000425,500.0
sell,0.00077645,500.0
sell,0.0019141,500.0
sell,0.0119141,500.0
sell,4.888,500.0
sell,8.888,500.0
sell,0.00017999,501.0
sell,0.00018557,501.0
sell,0.000195,504.0
sell,0.00221,508.0
sell,0.00025001,512.0
sell,0.01,516.0
sell,0.07623,517.0
sell,0.00016075,522.0
sell,0.0004999,530.0
sell,0.00011847,531.0
sell,0.00012411,531.0
sell,0.00013539,531.0
sell,0.00011397,532.0
sell,0.00012975,532.0
sell,0.00014103,532.0
sell,0.00033001,533.0
sell,9.591e-05,538.0
sell,0.00021111,547.0
sell,0.000151,550.0
sell,0.07653,551.0
sell,0.00045,556.0
sell,0.00027722,567.0
sell,0.00011021,572.0
sell,0.0001024,576.0
sell,0.00224,581.0
sell,0.0006,583.0
sell,0.0001498,585.0
sell,0.07683,586.0
sell,0.00015403,591.0
sell,0.0001426,597.0
sell,0.0001745,600.0
sell,9.393e-05,600.0
sell,0.000202,601.0
sell,0.0001922,606.0
sell,0.07713,620.0
sell,0.00021455,621.0
sell,0.00085905,621.0
sell,0.00057,625.0
sell,0.00016448,630.0
sell,0.00037,633.0
sell,9.265e-05,635.0
sell,0.0001375,637.0
sell,0.0001255,643.0
sell,0.00010437,645.0
sell,0.00227,654.0
sell,0.07743,655.0
sell,9.396e-05,656.0
sell,0.00029,687.0
sell,0.07773,689.0
sell,0.00029379,698.0
sell,0.0001161,705.0
sell,0.00015884,707.0
sell,0.00014935,717.0
sell,0.00152,718.0
sell,0.07803,724.0
sell,0.000185,726.0
sell,0.0023,727.0
sell,0.0003762,734.0
sell,0.000109,739.0
sell,0.00056,741.0
sell,9.41e-05,751.0
sell,0.07833,758.0
sell,0.00042,762.0
sell,0.00015453,763.0
sell,0.00027,769.0
sell,0.00023057,772.0
sell,0.00010613,776.0
sell,0.000156,786.0
sell,0.0001399,789.0
sell,0.00010705,790.0
sell,0.07863,793.0
sell,0.00233,799.0
sell,0.00014321,800.0
sell,0.888,800.0
sell,9.8e-05,800.0
sell,0.00012361,809.0
sell,0.000169,813.0
sell,0.00011657,815.0
sell,0.000127,816.0
sell,0.07893,827.0
sell,0.000192,843.0
sell,0.00028,846.0
sell,0.0007,847.0
sell,0.000104,857.0
sell,0.0002009,860.0
sell,0.07923,862.0
sell,0.00236,872.0
sell,0.000147,877.0
sell,0.00101,885.0
sell,0.00022988,889.0
sell,0.0001436,890.0
sell,0.00013345,894.0
sell,0.07953,896.0
sell,0.0001248,900.0
sell,48.888,900.0
sell,0.00035,907.0
sell,0.07983,931.0
sell,0.00014676,943.0
sell,0.00239,945.0
sell,0.0001549,951.0
sell,0.5,964.0
sell,0.08013,965.0
sell,0.00010215,1000.0
sell,0.0001095,1000.0
sell,0.0001325,1000.0
sell,0.00022636,1000.0
sell,0.0003125,1000.0
sell,0.0003226,1000.0
sell,0.00033825,1000.0
sell,0.006698,1000.0
sell,0.6698,1000.0
sell,9.994e-05,1000.0
sell,0.0001891,1001.0
sell,0.0009141,1003.0
sell,0.00018599,1005.0
sell,0.00201,1009.0
sell,0.08049,1014.0
sell,0.00242,1017.0
sell,0.0001714,1037.0
sell,9.342e-05,1046.0
sell,0.00010257,1070.0
sell,0.000129,1070.0
sell,9.593e-05,1074.0
sell,9.28e-05,1083.0
sell,0.00245,1090.0
sell,0.0001355,1104.0
sell,1.0,1108.0
sell,0.00017821,1117.0
sell,0.004,1117.0
sell,0.01101111,1165.0
sell,0.00249,1171.0
sell,0.05,1222.0
sell,0.0001532,1225.0
sell,0.000384,1238.0
sell,0.000131,1239.0
sell,0.00019832,1290.0
sell,0.00070923,1300.0
sell,9.9e-05,1309.0
sell,0.00013887,1333.0
sell,0.00010998,1344.0
sell,0.000327,1348.0
sell,0.00012187,1372.0
sell,0.00016802,1385.0
sell,0.000198,1387.0
sell,9.736e-05,1393.0
sell,0.000586,1400.0
sell,0.00014225,1406.0
sell,0.00014971,1439.0
sell,0.00010915,1471.0
sell,0.00015615,1473.0
sell,0.000141,1491.0
sell,0.00013897,1492.0
sell,0.0001523,1500.0
sell,0.00021043,1500.0
sell,0.0001385,1512.0
sell,0.000121,1521.0
sell,0.0005,1521.0
sell,0.00010474,1531.0
sell,0.00026,1554.0
sell,0.00014999,1561.0
sell,0.00010604,1584.0
sell,0.000226,1601.0
sell,0.000105,1607.0
sell,0.000137,1630.0
sell,0.00013335,1652.0
sell,0.00017254,1683.0
sell,0.00010869,1715.0
sell,0.00016999,1734.0
sell,0.000149,1773.0
sell,0.000124,1818.0
sell,0.0009,1826.0
sell,0.00010169,1841.0
sell,0.00013001,1847.0
sell,0.0001413,1914.0
sell,0.000123,1930.0
sell,0.000205,1942.0
sell,0.00010308,1944.0
sell,0.00012325,2000.0
sell,0.00014132,2000.0
sell,0.0002362,2000.0
sell,0.00092072,2000.0
sell,0.0016888,2000.0
sell,9.298e-05,2000.0
sell,0.0001688,2010.0
sell,0.00015199,2068.0
sell,0.000143,2084.0
sell,0.00037948,2098.0
sell,0.00014942,2100.0
sell,9.282e-05,2100.0
sell,9.283e-05,2158.0
sell,0.000117,2242.0
sell,9.287e-05,2292.0
sell,0.00013905,2314.0
sell,0.00024,2334.0
sell,0.0004,2340.0
sell,0.000136,2346.0
sell,9.35e-05,2400.0
sell,0.000189,2409.0
sell,0.00018231,2420.0
sell,0.00010058,2466.0
sell,0.00016679,2515.0
sell,0.0001565,2607.0
sell,9.295e-05,2607.0
sell,9.366e-05,2630.0
sell,0.00015734,2647.0
sell,0.00010697,2740.0
sell,0.00013999,2751.0
sell,0.00016651,2799.0
sell,0.0001249,2807.0
sell,0.0001096,2811.0
sell,0.00011201,2827.0
sell,9.759e-05,2879.0
sell,0.00014806,2894.0
sell,0.00010156,2898.0
sell,0.0001642,2914.0
sell,0.005,2951.0
sell,0.00024325,2999.0
sell,0.00011506,3000.0
sell,0.00013667,3000.0
sell,0.00016199,3000.0
sell,0.0006798,3000.0
sell,0.0001645,3021.0
sell,0.00013477,3036.0
sell,0.000173,3105.0
sell,0.0001557,3300.0
sell,9.65e-05,3355.0
sell,0.00016749,3409.0
sell,9.25e-05,3468.0
sell,0.00010036,3483.0
sell,0.0001215,3485.0
sell,0.00011653,3497.0
sell,0.00012103,3636.0
sell,0.00010283,3637.0
sell,0.000111,3654.0
sell,0.00010377,3670.0
sell,0.000155,3712.0
sell,0.00010764,3717.0
sell,0.007002,3727.0
sell,9.946e-05,3811.0
sell,0.00010956,3862.0
sell,9.817e-05,3892.0
sell,0.00010248,3978.0
sell,0.00013065,4028.0
sell,9.905e-05,4089.0
sell,0.00031021,4098.0
sell,0.000245,4160.0
sell,0.000139,4163.0
sell,0.0001619,4200.0
sell,9.369e-05,4350.0
sell,9.316e-05,4425.0
sell,9.289e-05,4565.0
sell,0.00023981,4583.0
sell,0.00023,4586.0
sell,0.00012993,4594.0
sell,0.00014215,4643.0
sell,9.514e-05,4689.0
sell,0.00013499,4721.0
sell,0.00013076,4733.0
sell,0.000214,4743.0
sell,0.0001259,4757.0
sell,0.000171,4758.0
sell,0.0001359,4775.0
sell,0.000132,4822.0
sell,9.331e-05,4851.0
sell,0.00031605,4854.0
sell,0.00012786,4999.0
sell,9.267e-05,5000.0
sell,9.264e-05,5003.0
sell,0.00018222,5022.0
sell,0.00020222,5022.0
sell,0.00024222,5022.0
sell,0.00026222,5022.0
sell,0.0001223,5339.0
sell,9.293e-05,5393.0
sell,9.308e-05,5394.0
sell,0.000142,5406.0
sell,0.0001265,5443.0
sell,0.0001235,5700.0
sell,0.000122,5929.0
sell,9.404e-05,6010.0
sell,0.00021222,6011.0
sell,0.00023222,6011.0
sell,0.00025222,6011.0
sell,0.00011,6074.0
sell,0.0001188,6260.0
sell,0.00025,6309.0
sell,0.00022222,6467.0
sell,0.0001979,6700.0
sell,0.000126,6706.0
sell,0.00019,6718.0
sell,0.00011029,7035.0
sell,9.375e-05,7121.0
sell,0.0001283,7222.0
sell,0.00019241,7262.0
sell,0.00018852,7300.0
sell,0.00016998,7460.0
sell,0.00010926,7500.0
sell,0.000175,7592.0
sell,0.000145,7854.0
sell,0.00036,7968.0
sell,0.00040412,7994.0
sell,0.00031927,8383.0
sell,9.425e-05,8783.0
sell,0.000235,8810.0
sell,0.00010681,8972.0
sell,0.00015851,9076.0
sell,0.00017,9103.0
sell,0.00016,9133.0
sell,0.00032,9162.0
sell,0.00010406,9300.0
sell,0.00014184,9323.0
sell,9.365e-05,9367.0
sell,9.437e-05,9583.0
sell,0.00012419,10000.0
sell,0.0003144,10000.0
sell,0.0001059,10081.0
sell,0.0001021,10265.0
sell,0.00031962,10400.0
sell,0.00063924,10400.0
sell,0.00127848,10400.0
sell,0.00255696,10400.0
sell,0.00511392,10400.0
sell,0.00010234,10829.0
sell,0.00010332,11432.0
sell,0.00013,11598.0
sell,0.000135,11811.0
sell,0.000225,12019.0
sell,0.00010568,12220.0
sell,9.78e-05,12453.0
sell,9.389e-05,12491.0
sell,0.0001,12686.0
sell,9.695e-05,12894.0
sell,0.000165,13053.0
sell,9.4e-05,13059.0
sell,9.686e-05,13156.0
sell,9.6e-05,13303.0
sell,9.761e-05,13615.0
sell,9.709e-05,13645.0
sell,0.0001844,14101.0
sell,9.376e-05,14560.0
sell,0.00028296,15000.0
sell,9.395e-05,15020.0
sell,0.00021,15147.0
sell,0.00012,15466.0
sell,0.0001052,15580.0
sell,0.0003,15793.0
sell,0.000114,16622.0
sell,0.001,17175.0
sell,9.808e-05,17412.0
sell,0.000204,17635.0
sell,0.000323,18743.0
sell,0.000125,19208.0
sell,0.00014,19584.0
sell,0.00025466,20000.0
sell,0.00022,20317.0
sell,0.0001245,22619.0
sell,9.446e-05,22783.0
sell,0.00018,24039.0
sell,9.798e-05,31803.0
sell,9.666e-05,38242.0
sell,0.0002,38933.0
sell,9.476e-05,43804.0
sell,9.472e-05,46340.0
sell,9.47e-05,46340.0
sell,9.479e-05,56958.0
sell,9.453e-05,61490.0
sell,0.000133,65981.0
sell,9.5e-05,69044.0
sell,9.432e-05,84600.0
sell,0.00015,103507.0
sell,9.676e-05,113847.0
sell,9.741e-05,116841.0
sell,9.574e-05,147232.0
sell,0.00010307,200849.0
